"","word","count"
"analytics","analytics",484
"experience","experience",421
"team","team",403
"writer","writer",367
"big","big",264
"learning","learning",253
"business","business",242
"role","role",241
"machine","machine",238
"scientist","scientist",225
"analysis","analysis",221
"within","within",211
"technology","technology",205
"opportunity","opportunity",198
"python","python",197
"writing","writing",191
"computer","computer",186
"software","software",185
"company","company",181
"skills","skills",180
"engineer","engineer",179
"looking","looking",179
"new","new",179
"development","development",175
"marketing","marketing",174
"engineering","engineering",172
"modelling","modelling",171
"sql","sql",163
"london","london",155
"statistics","statistics",154
"using","using",148
"knowledge","knowledge",143
"analyst","analyst",141
"join","join",141
"advanced","advanced",140
"regulatory","regulatory",137
"developer","developer",136
"client","client",134
"senior","senior",134
"one","one",126
"research","research",126
"clinical","clinical",119
"java","java",119
"algorithms","algorithms",118
"leading","leading",118
"statistical","statistical",118
"customer","customer",116
"apply","apply",114
"good","good",112
"technologies","technologies",112
"teams","teams",110
"degree","degree",109
"systems","systems",109
"hadoop","hadoop",108
"digital","digital",106
"insight","insight",106
"design","design",105
"part","part",104
"scientific","scientific",104
"management","management",103
"exciting","exciting",100
"understanding","understanding",99
"solutions","solutions",98
"medical","medical",97
"key","key",96
"across","across",95
"lead","lead",94
"contract","contract",88
"global","global",86
"life","life",86
"experienced","experienced",84
"industry","industry",78
"edge","edge",77
"growing","growing",75
"techniques","techniques",75
"cutting","cutting",74
"agency","agency",73
"market","market",73
"mathematics","mathematics",73
"background","background",71
"build","build",70
"keywords","keywords",70
"use","use",70
"complex","complex",69
"including","including",69
"sciences","sciences",69
"intelligence","intelligence",68
"platform","platform",68
"projects","projects",68
"testing","testing",68
"computing","computing",67
"based","based",66
"commercial","commercial",66
"editor","editor",66
"freelance","freelance",66
"innovative","innovative",66
"product","product",66
"support","support",66
"excellent","excellent",65
"great","great",65
"large","large",65
"position","position",65
"benefits","benefits",64
"editorial","editorial",64
"predictive","predictive",64
"programming","programming",63
"clients","clients",62
"technical","technical",62
"publishing","publishing",61
"tools","tools",61
"information","information",59
"interest","interest",59
"bayesian","bayesian",58
"help","help",58
"services","services",57
"applications","applications",56
"deliver","deliver",56
"years","years",56
"environment","environment",53
"practices","practices",52
"strategy","strategy",52
"europe","europe",51
"following","following",51
"high","high",51
"job","job",51
"can","can",50
"contracter","contracter",50
"database","database",50
"develop","develop",50
"growth","growth",50
"page","page",50
"permanent","permanent",50
"sas","sas",50
"function","function",49
"distributed","distributed",48
"products","products",48
"skilled","skilled",48
"delivering","delivering",47
"international","international",47
"candidates","candidates",46
"start","start",46
"developing","developing",45
"reporting","reporting",45
"successful","successful",45
"analytical","analytical",44
"award","award",44
"insights","insights",44
"make","make",44
"please","please",44
"project","project",44
"well","well",44
"winning","winning",44
"highly","highly",43
"led","led",43
"media","media",43
"structures","structures",43
"delivery","delivery",42
"full","full",42
"graduate","graduate",42
"provide","provide",42
"rapidly","rapidly",42
"required","required",42
"algorithm","algorithm",41
"building","building",41
"expertise","expertise",41
"hands","hands",41
"med","med",41
"space","space",41
"tech","tech",41
"online","online",40
"probabilistic","probabilistic",40
"ability","ability",39
"candidate","candidate",39
"consultancy","consultancy",39
"excel","excel",39
"fundamentals","fundamentals",39
"models","models",39
"nosql","nosql",39
"providing","providing",39
"quantitative","quantitative",39
"tasks","tasks",39
"bonus","bonus",38
"brand","brand",38
"central","central",38
"cloud","cloud",38
"coding","coding",38
"etc","etc",38
"geospatial","geospatial",38
"responsible","responsible",38
"unmissable","unmissable",38
"visualisation","visualisation",38
"world","world",38
"able","able",37
"britain","britain",37
"fields","fields",37
"recruitment","recruitment",37
"words","words",37
"agile","agile",36
"head","head",36
"organisation","organisation",36
"test","test",36
"create","create",35
"field","field",35
"requirements","requirements",35
"unit","unit",35
"works","works",35
"application","application",34
"capability","capability",34
"closely","closely",34
"equivalent","equivalent",34
"maths","maths",34
"companies","companies",33
"passion","passion",33
"phd","phd",33
"problems","problems",33
"security","security",33
"service","service",33
"various","various",33
"essential","essential",32
"ideally","ideally",32
"integration","integration",32
"related","related",32
"relevant","relevant",32
"architecture","architecture",31
"bsc","bsc",31
"clear","clear",31
"computational","computational",31
"desirable","desirable",31
"developers","developers",31
"ensure","ensure",31
"finance","finance",31
"intelligent","intelligent",31
"keen","keen",31
"driven","driven",30
"end","end",30
"forward","forward",30
"level","level",30
"purpose","purpose",30
"since","since",30
"time","time",30
"chance","chance",29
"education","education",29
"expanding","expanding",29
"harnham","harnham",29
"heart","heart",29
"javascript","javascript",29
"leadership","leadership",29
"learn","learn",29
"preferred","preferred",29
"record","record",29
"salary","salary",29
"scale","scale",29
"similar","similar",29
"tableau","tableau",29
"also","also",28
"artificial","artificial",28
"currently","currently",28
"decision","decision",28
"draw","draw",28
"manager","manager",28
"offer","offer",28
"responsibilities","responsibilities",28
"seeking","seeking",28
"value","value",28
"bank","bank",27
"better","better",27
"consumers","consumers",27
"customers","customers",27
"drive","drive",27
"existing","existing",27
"financial","financial",27
"graph","graph",27
"might","might",27
"quality","quality",27
"someone","someone",27
"stakeholders","stakeholders",27
"strategic","strategic",27
"success","success",27
"algorithmic","algorithmic",26
"details","details",26
"importance","importance",26
"include","include",26
"least","least",26
"mining","mining",26
"nlp","nlp",26
"now","now",26
"oracle","oracle",26
"order","order",26
"proven","proven",26
"spark","spark",26
"streaming","streaming",26
"top","top",26
"areas","areas",25
"automated","automated",25
"consumer","consumer",25
"england","england",25
"experiences","experiences",25
"extensive","extensive",25
"ideal","ideal",25
"improve","improve",25
"link","link",25
"methods","methods",25
"net","net",25
"processes","processes",25
"processing","processing",25
"range","range",25
"truly","truly",25
"60000","60000",24
"appreciate","appreciate",24
"available","available",24
"best","best",24
"content","content",24
"day","day",24
"decisions","decisions",24
"expand","expand",24
"format","format",24
"interpretation","interpretation",24
"lucene","lucene",24
"making","making",24
"matlab","matlab",24
"opportunities","opportunities",24
"overview","overview",24
"patterns","patterns",24
"play","play",24
"principles","principles",24
"solving","solving",24
"web","web",24
"contact","contact",23
"core","core",23
"discipline","discipline",23
"familiarity","familiarity",23
"front","front",23
"like","like",23
"model","model",23
"mysql","mysql",23
"regression","regression",23
"risk","risk",23
"rpython","rpython",23
"solid","solid",23
"spss","spss",23
"talented","talented",23
"things","things",23
"together","together",23
"understand","understand",23
"university","university",23
"consultant","consultant",22
"consulting","consulting",22
"continuous","continuous",22
"innovation","innovation",22
"main","main",22
"people","people",22
"professional","professional",22
"qualifications","qualifications",22
"via","via",22
"automation","automation",21
"economics","economics",21
"functions","functions",21
"industries","industries",21
"joining","joining",21
"stack","stack",21
"back","back",20
"continue","continue",20
"essence","essence",20
"impact","impact",20
"involved","involved",20
"language","language",20
"plus","plus",20
"sales","sales",20
"sets","sets",20
"specialist","specialist",20
"specific","specific",20
"system","system",20
"trading","trading",20
"variety","variety",20
"want","want",20
"communications","communications",19
"considered","considered",19
"different","different",19
"fantastic","fantastic",19
"get","get",19
"infrastructure","infrastructure",19
"insurance","insurance",19
"mongodb","mongodb",19
"need","need",19
"open","open",19
"operational","operational",19
"optimisation","optimisation",19
"preferably","preferably",19
"recommendations","recommendations",19
"reports","reports",19
"shape","shape",19
"small","small",19
"statistician","statistician",19
"whilst","whilst",19
"advertising","advertising",18
"analysts","analysts",18
"applied","applied",18
"aws","aws",18
"class","class",18
"community","community",18
"departments","departments",18
"health","health",18
"implementing","implementing",18
"involve","involve",18
"know","know",18
"mobile","mobile",18
"optimise","optimise",18
"per","per",18
"problem","problem",18
"significant","significant",18
"today","today",18
"accountable","accountable",17
"career","career",17
"code","code",17
"creating","creating",17
"done","done",17
"forefront","forefront",17
"frameworks","frameworks",17
"graduates","graduates",17
"ideas","ideas",17
"kingdom","kingdom",17
"latest","latest",17
"mathematical","mathematical",17
"operating","operating",17
"platforms","platforms",17
"reading","reading",17
"scala","scala",17
"source","source",17
"way","way",17
"activities","activities",16
"around","around",16
"assist","assist",16
"brands","brands",16
"concepts","concepts",16
"demonstrate","demonstrate",16
"etl","etl",16
"exploring","exploring",16
"focused","focused",16
"going","going",16
"hive","hive",16
"largest","largest",16
"member","member",16
"multiple","multiple",16
"must","must",16
"practice","practice",16
"sending","sending",16
"set","set",16
"soon","soon",16
"stats","stats",16
"user","user",16
"wide","wide",16
"worlds","worlds",16
"alm","alm",15
"come","come",15
"consistency","consistency",15
"deep","deep",15
"deliverables","deliverables",15
"ecommerce","ecommerce",15
"engaging","engaging",15
"engineers","engineers",15
"fast","fast",15
"gain","gain",15
"google","google",15
"happening","happening",15
"includes","includes",15
"interviews","interviews",15
"ios","ios",15
"love","love",15
"masters","masters",15
"passionate","passionate",15
"real","real",15
"valuable","valuable",15
"year","year",15
"2008","2008",14
"45000","45000",14
"65000","65000",14
"act","act",14
"blended","blended",14
"brilliant","brilliant",14
"clustering","clustering",14
"creativity","creativity",14
"department","department",14
"description","description",14
"director","director",14
"environments","environments",14
"generate","generate",14
"hundreds","hundreds",14
"institute","institute",14
"location","location",14
"natural","natural",14
"offices","offices",14
"operate","operate",14
"operations","operations",14
"perform","perform",14
"physics","physics",14
"scientists","scientists",14
"sdk","sdk",14
"sectors","sectors",14
"social","social",14
"suit","suit",14
"taken","taken",14
"text","text",14
"uks","uks",14
"administration","administration",13
"alongside","alongside",13
"ambitious","ambitious",13
"analysing","analysing",13
"bachelor","bachelor",13
"bachelors","bachelors",13
"bringing","bringing",13
"button","button",13
"click","click",13
"consultants","consultants",13
"division","division",13
"driving","driving",13
"execution","execution",13
"goods","goods",13
"history","history",13
"hugely","hugely",13
"implementation","implementation",13
"inform","inform",13
"journey","journey",13
"leader","leader",13
"managing","managing",13
"mentor","mentor",13
"millions","millions",13
"mixture","mixture",13
"msc","msc",13
"needed","needed",13
"pound","pound",13
"proud","proud",13
"retail","retail",13
"saas","saas",13
"server","server",13
"sources","sources",13
"staff","staff",13
"subject","subject",13
"thinking","thinking",13
"united","united",13
"used","used",13
"actionable","actionable",12
"applying","applying",12
"architect","architect",12
"basic","basic",12
"believe","believe",12
"beneficial","beneficial",12
"biggest","biggest",12
"charge","charge",12
"collaborates","collaborates",12
"crm","crm",12
"either","either",12
"established","established",12
"experts","experts",12
"exposure","exposure",12
"fastest","fastest",12
"firm","firm",12
"future","future",12
"gra","gra",12
"handling","handling",12
"informatics","informatics",12
"internal","internal",12
"loyalty","loyalty",12
"mdc","mdc",12
"month","month",12
"next","next",12
"particular","particular",12
"plans","plans",12
"recent","recent",12
"results","results",12
"search","search",12
"solution","solution",12
"visualisations","visualisations",12
"word","word",12
"worked","worked",12
"70000","70000",11
"85000","85000",11
"90000","90000",11
"additional","additional",11
"amp","amp",11
"android","android",11
"campaigns","campaigns",11
"challenging","challenging",11
"culture","culture",11
"cycle","cycle",11
"databases","databases",11
"datasets","datasets",11
"define","define",11
"described","described",11
"educational","educational",11
"enterprise","enterprise",11
"ever","ever",11
"exposed","exposed",11
"facing","facing",11
"fastpaced","fastpaced",11
"first","first",11
"forecasting","forecasting",11
"fund","fund",11
"give","give",11
"group","group",11
"heavily","heavily",11
"hedge","hedge",11
"helping","helping",11
"investment","investment",11
"manage","manage",11
"pig","pig",11
"postgresql","postgresql",11
"practical","practical",11
"presentation","presentation",11
"process","process",11
"recruit","recruit",11
"run","run",11
"scalable","scalable",11
"something","something",11
"specifically","specifically",11
"therefore","therefore",11
"traditional","traditional",11
"warehouse","warehouse",11
"80000","80000",10
"allow","allow",10
"apart","apart",10
"approach","approach",10
"behalf","behalf",10
"behaviour","behaviour",10
"blends","blends",10
"bring","bring",10
"campaign","campaign",10
"captivating","captivating",10
"caring","caring",10
"challenge","challenge",10
"communication","communication",10
"competitive","competitive",10
"connections","connections",10
"corporate","corporate",10
"cuttingedge","cuttingedge",10
"dedicated","dedicated",10
"desired","desired",10
"directly","directly",10
"ecosystem","ecosystem",10
"effective","effective",10
"entertainment","entertainment",10
"everything","everything",10
"expected","expected",10
"extract","extract",10
"focus","focus",10
"gaming","gaming",10
"house","house",10
"huge","huge",10
"identify","identify",10
"innovations","innovations",10
"inspire","inspire",10
"major","major",10
"master","master",10
"minimum","minimum",10
"objective","objective",10
"operation","operation",10
"performance","performance",10
"pharmaceutical","pharmaceutical",10
"proficiency","proficiency",10
"protection","protection",10
"quant","quant",10
"rate","rate",10
"register","register",10
"retailers","retailers",10
"roles","roles",10
"ruby","ruby",10
"setting","setting",10
"smart","smart",10
"solve","solve",10
"standards","standards",10
"visual","visual",10
"1015","1015",9
"activity","activity",9
"agencies","agencies",9
"aim","aim",9
"applicants","applicants",9
"approaches","approaches",9
"aspects","aspects",9
"behavioural","behavioural",9
"briefs","briefs",9
"broad","broad",9
"businesses","businesses",9
"collaborate","collaborate",9
"consultancies","consultancies",9
"contribute","contribute",9
"control","control",9
"cyber","cyber",9
"defining","defining",9
"devops","devops",9
"dollars","dollars",9
"enable","enable",9
"enjoy","enjoy",9
"interested","interested",9
"internet","internet",9
"involves","involves",9
"kafka","kafka",9
"known","known",9
"linux","linux",9
"maintain","maintain",9
"members","members",9
"methodologies","methodologies",9
"name","name",9
"norfolk","norfolk",9
"norwich","norwich",9
"place","place",9
"point","point",9
"possess","possess",9
"produce","produce",9
"programmes","programmes",9
"provider","provider",9
"react","react",9
"really","really",9
"researchers","researchers",9
"right","right",9
"scripting","scripting",9
"simulation","simulation",9
"talent","talent",9
"temporary","temporary",9
"tessella","tessella",9
"throughout","throughout",9
"towards","towards",9
"travel","travel",9
"utility","utility",9
"vision","vision",9
"55000","55000",8
"advantageous","advantageous",8
"agree","agree",8
"area","area",8
"basis","basis",8
"bristol","bristol",8
"change","change",8
"collaboration","collaboration",8
"combine","combine",8
"committed","committed",8
"complexity","complexity",8
"consultative","consultative",8
"coverage","coverage",8
"current","current",8
"date","date",8
"door","door",8
"due","due",8
"duties","duties",8
"engagement","engagement",8
"ensuring","ensuring",8
"enthusiastic","enthusiastic",8
"exceptional","exceptional",8
"expect","expect",8
"expert","expert",8
"giant","giant",8
"initial","initial",8
"interfaces","interfaces",8
"junior","junior",8
"leaders","leaders",8
"leaves","leaves",8
"libraries","libraries",8
"line","line",8
"mass","mass",8
"massive","massive",8
"means","means",8
"mission","mission",8
"moving","moving",8
"number","number",8
"office","office",8
"originally","originally",8
"package","package",8
"petabytes","petabytes",8
"physical","physical",8
"power","power",8
"principal","principal",8
"progress","progress",8
"recommender","recommender",8
"rolethe","rolethe",8
"segmentations","segmentations",8
"send","send",8
"sourcing","sourcing",8
"spanning","spanning",8
"step","step",8
"summer","summer",8
"supporting","supporting",8
"take","take",8
"third","third",8
"tool","tool",8
"und","und",8
"wellrenowned","wellrenowned",8
"without","without",8
"45k","45k",7
"75000","75000",7
"academic","academic",7
"advocate","advocate",7
"api","api",7
"architects","architects",7
"asset","asset",7
"azure","azure",7
"backend","backend",7
"beautiful","beautiful",7
"bridge","bridge",7
"capabilities","capabilities",7
"capture","capture",7
"centre","centre",7
"chief","chief",7
"city","city",7
"classification","classification",7
"closeknit","closeknit",7
"collaborating","collaborating",7
"communicate","communicate",7
"consistent","consistent",7
"criteria","criteria",7
"cross","cross",7
"demand","demand",7
"demonstrable","demonstrable",7
"direction","direction",7
"emerging","emerging",7
"energy","energy",7
"fraud","fraud",7
"friendly","friendly",7
"government","government",7
"hadoopspark","hadoopspark",7
"input","input",7
"itar","itar",7
"languages","languages",7
"mandella","mandella",7
"many","many",7
"mapreduce","mapreduce",7
"midlevel","midlevel",7
"move","move",7
"newly","newly",7
"nick","nick",7
"nonstop","nonstop",7
"organisations","organisations",7
"paid","paid",7
"parties","parties",7
"planning","planning",7
"portfolio","portfolio",7
"posted","posted",7
"presales","presales",7
"primarily","primarily",7
"propensity","propensity",7
"public","public",7
"ready","ready",7
"recognition","recognition",7
"recommendation","recommendation",7
"regarded","regarded",7
"regulations","regulations",7
"relational","relational",7
"require","require",7
"requirement","requirement",7
"requires","requires",7
"response","response",7
"running","running",7
"schema","schema",7
"segmentation","segmentation",7
"sit","sit",7
"specialists","specialists",7
"startups","startups",7
"study","study",7
"traffic","traffic",7
"unique","unique",7
"ups","ups",7
"utilise","utilise",7
"visualization","visualization",7
"volume","volume",7
"yes","yes",7
"110k","110k",6
"2013","2013",6
"50000","50000",6
"admin","admin",6
"advice","advice",6
"aid","aid",6
"already","already",6
"analyse","analyse",6
"analyze","analyze",6
"angularjs","angularjs",6
"announce","announce",6
"aspnet","aspnet",6
"backgrounds","backgrounds",6
"balance","balance",6
"base","base",6
"benefit","benefit",6
"biology","biology",6
"biomedical","biomedical",6
"blend","blend",6
"centres","centres",6
"chemistry","chemistry",6
"coaching","coaching",6
"colleagues","colleagues",6
"creative","creative",6
"credit","credit",6
"critical","critical",6
"css","css",6
"days","days",6
"dealing","dealing",6
"deploy","deploy",6
"designers","designers",6
"direct","direct",6
"drug","drug",6
"econometrics","econometrics",6
"efficiencies","efficiencies",6
"electronics","electronics",6
"employing","employing",6
"engage","engage",6
"exist","exist",6
"expectationsdeliverable","expectationsdeliverable",6
"find","find",6
"functioning","functioning",6
"funded","funded",6
"generation","generation",6
"globally","globally",6
"goal","goal",6
"grow","grow",6
"hear","hear",6
"hold","hold",6
"identifying","identifying",6
"imperative","imperative",6
"improvement","improvement",6
"incident","incident",6
"interdisciplinary","interdisciplinary",6
"interesting","interesting",6
"issues","issues",6
"latency","latency",6
"leeds","leeds",6
"leverage","leverage",6
"likely","likely",6
"long","long",6
"look","look",6
"low","low",6
"mark","mark",6
"markets","markets",6
"mathematica","mathematica",6
"meet","meet",6
"motivated","motivated",6
"much","much",6
"needs","needs",6
"negotiable","negotiable",6
"networks","networks",6
"objectoriented","objectoriented",6
"pattern","pattern",6
"period","period",6
"petabyte","petabyte",6
"possible","possible",6
"possibly","possibly",6
"previous","previous",6
"programme","programme",6
"provided","provided",6
"qlikview","qlikview",6
"quickly","quickly",6
"quite","quite",6
"rapid","rapid",6
"rare","rare",6
"rarer","rarer",6
"realworld","realworld",6
"reputation","reputation",6
"resourcing","resourcing",6
"revenue","revenue",6
"roi","roi",6
"rolling","rolling",6
"sector","sector",6
"sharing","sharing",6
"skill","skill",6
"specialised","specialised",6
"specialising","specialising",6
"sponsorship","sponsorship",6
"statisticians","statisticians",6
"stewardship","stewardship",6
"storage","storage",6
"submit","submit",6
"surrey","surrey",6
"table","table",6
"term","term",6
"theoretical","theoretical",6
"theory","theory",6
"thought","thought",6
"three","three",6
"title","title",6
"transactional","transactional",6
"trend","trend",6
"unix","unix",6
"vba","vba",6
"wales","wales",6
"wider","wider",6
"worldclass","worldclass",6
"120k","120k",5
"20000","20000",5
"3rd","3rd",5
"abilities","abilities",5
"add","add",5
"addition","addition",5
"adoption","adoption",5
"advantage","advantage",5
"aerospace","aerospace",5
"aggregating","aggregating",5
"ahead","ahead",5
"amazing","amazing",5
"appropriate","appropriate",5
"arisen","arisen",5
"arms","arms",5
"assert","assert",5
"associate","associate",5
"aviation","aviation",5
"become","become",5
"behind","behind",5
"bespoke","bespoke",5
"bright","bright",5
"brought","brought",5
"budding","budding",5
"centers","centers",5
"challenges","challenges",5
"clearance","clearance",5
"cold","cold",5
"com","com",5
"compelling","compelling",5
"conglomerate","conglomerate",5
"conversion","conversion",5
"coolest","coolest",5
"delighted","delighted",5
"departmental","departmental",5
"detail","detail",5
"device","device",5
"directive","directive",5
"disciplines","disciplines",5
"domain","domain",5
"doubledigit","doubledigit",5
"drawing","drawing",5
"dynamic","dynamic",5
"efficient","efficient",5
"efficiently","efficiently",5
"efforts","efforts",5
"elasticsearch","elasticsearch",5
"embedding","embedding",5
"empower","empower",5
"encryption","encryption",5
"english","english",5
"events","events",5
"evolving","evolving",5
"example","example",5
"eye","eye",5
"focal","focal",5
"focusing","focusing",5
"frontend","frontend",5
"functionality","functionality",5
"furthermore","furthermore",5
"gained","gained",5
"germany","germany",5
"git","git",5
"giving","giving",5
"green","green",5
"gurus","gurus",5
"helps","helps",5
"higher","higher",5
"highvalue","highvalue",5
"hire","hire",5
"holiday","holiday",5
"hour","hour",5
"human","human",5
"improving","improving",5
"income","income",5
"industrial","industrial",5
"instead","instead",5
"introduction","introduction",5
"investing","investing",5
"involving","involving",5
"laid","laid",5
"law","law",5
"lawsuits","lawsuits",5
"levels","levels",5
"lifecycle","lifecycle",5
"mainly","mainly",5
"maintains","maintains",5
"maintenance","maintenance",5
"managers","managers",5
"manner","manner",5
"marine","marine",5
"math","math",5
"meeting","meeting",5
"meetups","meetups",5
"milestones","milestones",5
"minds","minds",5
"mvc","mvc",5
"numerate","numerate",5
"outlined","outlined",5
"pandas","pandas",5
"participating","participating",5
"patented","patented",5
"pension","pension",5
"perfect","perfect",5
"personality","personality",5
"php","php",5
"pieces","pieces",5
"pivotal","pivotal",5
"presence","presence",5
"prestigious","prestigious",5
"prior","prior",5
"proactively","proactively",5
"professionals","professionals",5
"progression","progression",5
"psychology","psychology",5
"push","push",5
"qualification","qualification",5
"realised","realised",5
"recruiting","recruiting",5
"responsibility","responsibility",5
"return","return",5
"revolutionise","revolutionise",5
"robust","robust",5
"sap","sap",5
"scheme","scheme",5
"science","science",5
"scope","scope",5
"scotland","scotland",5
"scrum","scrum",5
"seasoned","seasoned",5
"selfstarting","selfstarting",5
"sensors","sensors",5
"signal","signal",5
"simplify","simplify",5
"site","site",5
"skillset","skillset",5
"specialises","specialises",5
"storing","storing",5
"strategies","strategies",5
"streamline","streamline",5
"suggest","suggest",5
"telephonebased","telephonebased",5
"tier","tier",5
"tier1","tier1",5
"totally","totally",5
"touch","touch",5
"track","track",5
"trainee","trainee",5
"training","training",5
"transform","transform",5
"trials","trials",5
"unstructured","unstructured",5
"uses","uses",5
"validating","validating",5
"vastly","vastly",5
"vbnet","vbnet",5
"visually","visually",5
"ways","ways",5
"wealth","wealth",5
"whose","whose",5
"100","100",4
"100m","100m",4
"1112","1112",4
"2005","2005",4
"25000","25000",4
"430","430",4
"6070","6070",4
"60k","60k",4
"accessing","accessing",4
"accountabilities","accountabilities",4
"advance","advance",4
"always","always",4
"alyst","alyst",4
"amazon","amazon",4
"analyses","analyses",4
"annum","annum",4
"arcgis","arcgis",4
"art","art",4
"asi","asi",4
"assayrelated","assayrelated",4
"assistance","assistance",4
"assurance","assurance",4
"audience","audience",4
"awardwinning","awardwinning",4
"aware","aware",4
"bbq","bbq",4
"beam","beam",4
"behaviours","behaviours",4
"benefita","benefita",4
"bereich","bereich",4
"blue","blue",4
"boats","boats",4
"boundaries","boundaries",4
"brilliantly","brilliantly",4
"built","built",4
"calculations","calculations",4
"capable","capable",4
"certified","certified",4
"chip","chip",4
"chromatography","chromatography",4
"cofounders","cofounders",4
"cognitive","cognitive",4
"collaboratively","collaboratively",4
"comes","comes",4
"comfortable","comfortable",4
"commodities","commodities",4
"communicator","communicator",4
"complement","complement",4
"computers","computers",4
"concise","concise",4
"conduct","conduct",4
"confident","confident",4
"context","context",4
"countries","countries",4
"cover","cover",4
"covering","covering",4
"daily","daily",4
"defence","defence",4
"demonstrating","demonstrating",4
"deployment","deployment",4
"designs","designs",4
"detection","detection",4
"developed","developed",4
"developments","developments",4
"dictionaries","dictionaries",4
"discovery","discovery",4
"dissolution","dissolution",4
"dot","dot",4
"earlsfield","earlsfield",4
"early","early",4
"easily","easily",4
"economic","economic",4
"edinburgh","edinburgh",4
"educated","educated",4
"efficiency","efficiency",4
"employer","employer",4
"endpoint","endpoint",4
"engineermain","engineermain",4
"enhance","enhance",4
"enquire","enquire",4
"equal","equal",4
"european","european",4
"evaluate","evaluate",4
"even","even",4
"evidence","evidence",4
"evolve","evolve",4
"execute","execute",4
"experian","experian",4
"extraction","extraction",4
"extremely","extremely",4
"facility","facility",4
"familiar","familiar",4
"family","family",4
"faster","faster",4
"fellowship","fellowship",4
"flink","flink",4
"flows","flows",4
"forecast","forecast",4
"forensics","forensics",4
"foundation","foundation",4
"general","general",4
"geography","geography",4
"governance","governance",4
"grown","grown",4
"guidance","guidance",4
"habits","habits",4
"hana","hana",4
"highgrowth","highgrowth",4
"highperformance","highperformance",4
"hit","hit",4
"hitech","hitech",4
"hiveql","hiveql",4
"hosts","hosts",4
"hourthis","hourthis",4
"hplc","hplc",4
"hub","hub",4
"hunt","hunt",4
"image","image",4
"imagination","imagination",4
"immediate","immediate",4
"important","important",4
"incredible","incredible",4
"incubator","incubator",4
"individual","individual",4
"informed","informed",4
"ingesting","ingesting",4
"initiative","initiative",4
"instrument","instrument",4
"integrate","integrate",4
"intell","intell",4
"interaction","interaction",4
"interactive","interactive",4
"interface","interface",4
"internetthings","internetthings",4
"investigate","investigate",4
"irelands","irelands",4
"iterations","iterations",4
"j9032","j9032",4
"jenni","jenni",4
"kavanagh","kavanagh",4
"keeping","keeping",4
"lakes","lakes",4
"languageplatform","languageplatform",4
"largescale","largescale",4
"launched","launched",4
"legal","legal",4
"lineage","lineage",4
"logical","logical",4
"logistic","logistic",4
"longterm","longterm",4
"manipulate","manipulate",4
"manmanagement","manmanagement",4
"matrix","matrix",4
"meaning","meaning",4
"meetings","meetings",4
"microsoft","microsoft",4
"mindset","mindset",4
"months","months",4
"multifunctional","multifunctional",4
"munich","munich",4
"nationally","nationally",4
"necessity","necessity",4
"networking","networking",4
"numerical","numerical",4
"numerous","numerous",4
"numpy","numpy",4
"offering","offering",4
"offers","offers",4
"officer","officer",4
"ongoing","ongoing",4
"opened","opened",4
"opensource","opensource",4
"optimization","optimization",4
"organises","organises",4
"orientated","orientated",4
"orientdb","orientdb",4
"outlets","outlets",4
"outside","outside",4
"ownership","ownership",4
"parallel","parallel",4
"perfectionist","perfectionist",4
"person","person",4
"personalisation","personalisation",4
"physicschemistry","physicschemistry",4
"pivigo","pivigo",4
"pixel","pixel",4
"places","places",4
"placing","placing",4
"players","players",4
"potential","potential",4
"pre","pre",4
"prediction","prediction",4
"prices","prices",4
"pricing","pricing",4
"priorities","priorities",4
"proficient","proficient",4
"profit","profit",4
"proof","proof",4
"radar","radar",4
"realtime","realtime",4
"recognised","recognised",4
"redshift","redshift",4
"relocation","relocation",4
"researcher","researcher",4
"restful","restful",4
"revolutionary","revolutionary",4
"rewarding","rewarding",4
"richmond","richmond",4
"riskmarket","riskmarket",4
"robotics","robotics",4
"rspss","rspss",4
"scientiststatistician","scientiststatistician",4
"scikitpandas","scikitpandas",4
"scratch","scratch",4
"searching","searching",4
"selection","selection",4
"sensor","sensor",4
"serving","serving",4
"side","side",4
"silicon","silicon",4
"sits","sits",4
"sitting","sitting",4
"situated","situated",4
"skilling","skilling",4
"specification","specification",4
"spotfire","spotfire",4
"spread","spread",4
"sqlssisalteryx","sqlssisalteryx",4
"stability","stability",4
"stakeholder","stakeholder",4
"standard","standard",4
"startup","startup",4
"stock","stock",4
"structure","structure",4
"studio","studio",4
"subjects","subjects",4
"substances","substances",4
"supply","supply",4
"taking","taking",4
"talitha","talitha",4
"tangible","tangible",4
"teaching","teaching",4
"terrace","terrace",4
"thermodynamics","thermodynamics",4
"titive","titive",4
"toolset","toolset",4
"trade","trade",4
"transaction","transaction",4
"transformation","transformation",4
"treatment","treatment",4
"trends","trends",4
"trial","trial",4
"unity","unity",4
"usability","usability",4
"utilising","utilising",4
"valley","valley",4
"vendor","vendor",4
"version","version",4
"video","video",4
"visa","visa",4
"volumes","volumes",4
"warehousing","warehousing",4
"website","website",4
"welcomes","welcomes",4
"wellfunded","wellfunded",4
"whether","whether",4
"written","written",4
"www","www",4
"30000","30000",3
"30k","30k",3
"35k","35k",3
"55k","55k",3
"57000","57000",3
"8020","8020",3
"95000","95000",3
"abovedemonstrable","abovedemonstrable",3
"accepted","accepted",3
"access","access",3
"acquisition","acquisition",3
"action","action",3
"adaptive","adaptive",3
"administrative","administrative",3
"advising","advising",3
"aggressive","aggressive",3
"aimed","aimed",3
"algebra","algebra",3
"algorythms","algorythms",3
"align","align",3
"almost","almost",3
"amounts","amounts",3
"another","another",3
"answer","answer",3
"apache","apache",3
"app","app",3
"apps","apps",3
"architectural","architectural",3
"arrangements","arrangements",3
"assess","assess",3
"assignment","assignment",3
"assistant","assistant",3
"associated","associated",3
"astronomic","astronomic",3
"attention","attention",3
"audits","audits",3
"auf","auf",3
"automate","automate",3
"b2c","b2c",3
"backbone","backbone",3
"backgroundfor","backgroundfor",3
"backtesting","backtesting",3
"bash","bash",3
"bayes","bayes",3
"belt","belt",3
"benchmark","benchmark",3
"benefitsoverviewthis","benefitsoverviewthis",3
"bens","bens",3
"beta","beta",3
"bio","bio",3
"biological","biological",3
"budget","budget",3
"call","call",3
"cases","cases",3
"cassandra","cassandra",3
"centred","centred",3
"ceo","ceo",3
"certification","certification",3
"chaid","chaid",3
"changes","changes",3
"changing","changing",3
"clean","clean",3
"clearly","clearly",3
"clientagency","clientagency",3
"clientele","clientele",3
"clubs","clubs",3
"codes","codes",3
"collaborative","collaborative",3
"combining","combining",3
"commerce","commerce",3
"commitment","commitment",3
"common","common",3
"compact","compact",3
"comparisons","comparisons",3
"compliance","compliance",3
"component","component",3
"confidently","confidently",3
"conjunction","conjunction",3
"connect","connect",3
"constantly","constantly",3
"consultantutilitiesrailwateroilgas","consultantutilitiesrailwateroilgas",3
"consumercustomer","consumercustomer",3
"convergence","convergence",3
"council","council",3
"created","created",3
"creates","creates",3
"cto","cto",3
"curiosity","curiosity",3
"depending","depending",3
"designing","designing",3
"desktop","desktop",3
"die","die",3
"display","display",3
"document","document",3
"earn","earn",3
"easier","easier",3
"east","east",3
"ecolabels","ecolabels",3
"econometrician","econometrician",3
"elevate","elevate",3
"elite","elite",3
"embedded","embedded",3
"empowerment","empowerment",3
"encouraged","encouraged",3
"endend","endend",3
"energetic","energetic",3
"engine","engine",3
"enough","enough",3
"entail","entail",3
"equities","equities",3
"erwin","erwin",3
"es6","es6",3
"etf","etf",3
"europes","europes",3
"every","every",3
"exists","exists",3
"expansion","expansion",3
"experimental","experimental",3
"expose","expose",3
"extra","extra",3
"face","face",3
"facebook","facebook",3
"fda","fda",3
"feel","feel",3
"findings","findings",3
"fintech","fintech",3
"firms","firms",3
"five","five",3
"fixed","fixed",3
"flexibility","flexibility",3
"focussed","focussed",3
"framework","framework",3
"frontiers","frontiers",3
"functional","functional",3
"games","games",3
"generous","generous",3
"given","given",3
"goals","goals",3
"groups","groups",3
"happy","happy",3
"hardware","hardware",3
"harness","harness",3
"hivepigimpala","hivepigimpala",3
"hotels","hotels",3
"html","html",3
"imperial","imperial",3
"improvements","improvements",3
"increase","increase",3
"incredibly","incredibly",3
"inmon","inmon",3
"innovate","innovate",3
"institutions","institutions",3
"intellectual","intellectual",3
"interacting","interacting",3
"iosh","iosh",3
"ipsos","ipsos",3
"jobs","jobs",3
"kelly","kelly",3
"kimball","kimball",3
"knewton","knewton",3
"knime","knime",3
"laboratories","laboratories",3
"labour","labour",3
"lake","lake",3
"leverages","leverages",3
"lie","lie",3
"linear","linear",3
"live","live",3
"locations","locations",3
"looker","looker",3
"lookout","lookout",3
"lots","lots",3
"makes","makes",3
"marketers","marketers",3
"marketleading","marketleading",3
"marketplace","marketplace",3
"matter","matter",3
"maximize","maximize",3
"may","may",3
"mbn","mbn",3
"membership","membership",3
"mentoring","mentoring",3
"method","method",3
"microstrategy","microstrategy",3
"modellingmodelgreenfieldpredictive","modellingmodelgreenfieldpredictive",3
"modern","modern",3
"monitor","monitor",3
"motivating","motivating",3
"multinational","multinational",3
"nanotechnology","nanotechnology",3
"national","national",3
"nature","nature",3
"network","network",3
"neural","neural",3
"nursing","nursing",3
"offerings","offerings",3
"onsite","onsite",3
"operationalise","operationalise",3
"organization","organization",3
"others","others",3
"overseas","overseas",3
"oxford","oxford",3
"packages","packages",3
"participate","participate",3
"partnerships","partnerships",3
"performing","performing",3
"personalberatung","personalberatung",3
"pharmacutical","pharmacutical",3
"picking","picking",3
"picture","picture",3
"pioneering","pioneering",3
"pipeline","pipeline",3
"policy","policy",3
"possessing","possessing",3
"postdoc","postdoc",3
"posting","posting",3
"previously","previously",3
"procedures","procedures",3
"profile","profile",3
"profiles","profiles",3
"programmers","programmers",3
"programmingjava","programmingjava",3
"promoting","promoting",3
"proprietary","proprietary",3
"protocol","protocol",3
"quantities","quantities",3
"queries","queries",3
"query","query",3
"querying","querying",3
"questions","questions",3
"ranging","ranging",3
"reach","reach",3
"realise","realise",3
"redux","redux",3
"regard","regard",3
"regarding","regarding",3
"regardless","regardless",3
"reinforce","reinforce",3
"relationship","relationship",3
"representation","representation",3
"respond","respond",3
"retailecommerce","retailecommerce",3
"retention","retention",3
"review","review",3
"roadmap","roadmap",3
"round","round",3
"rows","rows",3
"rpythonsql","rpythonsql",3
"rule","rule",3
"s2ds","s2ds",3
"safely","safely",3
"sasrsqlc","sasrsqlc",3
"scaling","scaling",3
"scikit","scikit",3
"secured","secured",3
"self","self",3
"semistructured","semistructured",3
"series","series",3
"shell","shell",3
"shiny","shiny",3
"show","show",3
"similarities","similarities",3
"sister","sister",3
"skys","skys",3
"smartest","smartest",3
"society","society",3
"sound","sound",3
"sounds","sounds",3
"spain","spain",3
"sparkflink","sparkflink",3
"spezialisiert","spezialisiert",3
"sports","sports",3
"spring","spring",3
"sqlpythonjava","sqlpythonjava",3
"stacks","stacks",3
"stay","stay",3
"storm","storm",3
"studies","studies",3
"suitable","suitable",3
"summary","summary",3
"superb","superb",3
"supervised","supervised",3
"sure","sure",3
"target","target",3
"technologyideally","technologyideally",3
"telephone","telephone",3
"thailand","thailand",3
"trackrecord","trackrecord",3
"translate","translate",3
"translation","translation",3
"trees","trees",3
"typically","typically",3
"ultimately","ultimately",3
"urgent","urgent",3
"usa","usa",3
"users","users",3
"varied","varied",3
"vendors","vendors",3
"vermittlung","vermittlung",3
"viewing","viewing",3
"wanted","wanted",3
"west","west",3
"whole","whole",3
"willingness","willingness",3
"020","020",2
"0208","0208",2
"110000","110000",2
"120000","120000",2
"14971","14971",2
"150","150",2
"18054","18054",2
"1st","1st",2
"2014","2014",2
"2016","2016",2
"20k","20k",2
"3545k","3545k",2
"40000","40000",2
"408","408",2
"50k","50k",2
"55k70k","55k70k",2
"8408","8408",2
"academies","academies",2
"acceleration","acceleration",2
"accurate","accurate",2
"achieved","achieved",2
"acting","acting",2
"acumen","acumen",2
"adding","adding",2
"adhoc","adhoc",2
"administrator","administrator",2
"affecting","affecting",2
"affiliates","affiliates",2
"akka","akka",2
"alan","alan",2
"alike","alike",2
"allows","allows",2
"alteryx","alteryx",2
"ambas","ambas",2
"analytic","analytic",2
"anglia","anglia",2
"antibody","antibody",2
"apis","apis",2
"appetite","appetite",2
"appliance","appliance",2
"applicable","applicable",2
"appreciation","appreciation",2
"aptitude","aptitude",2
"architectures","architectures",2
"arena","arena",2
"arm","arm",2
"article","article",2
"articles","articles",2
"articulate","articulate",2
"asked","asked",2
"assets","assets",2
"associates","associates",2
"association","association",2
"attribution","attribution",2
"audiences","audiences",2
"auditor","auditor",2
"authoritascom","authoritascom",2
"avanti","avanti",2
"avoid","avoid",2
"awareness","awareness",2
"backed","backed",2
"banking","banking",2
"bbs","bbs",2
"bid","bid",2
"bigdata","bigdata",2
"bigdriven","bigdriven",2
"biocompatibility","biocompatibility",2
"bioinformatics","bioinformatics",2
"biotechnology","biotechnology",2
"blogwebsite","blogwebsite",2
"bluechip","bluechip",2
"board","board",2
"brain","brain",2
"branding","branding",2
"brightest","brightest",2
"broader","broader",2
"cambridge","cambridge",2
"capacity","capacity",2
"capital","capital",2
"care","care",2
"careers","careers",2
"cdo","cdo",2
"cheltenham","cheltenham",2
"cicd","cicd",2
"cleared","cleared",2
"clevel","clevel",2
"close","close",2
"cloudbased","cloudbased",2
"collected","collected",2
"collections","collections",2
"combination","combination",2
"coming","coming",2
"communicationsconsistent","communicationsconsistent",2
"companys","companys",2
"competitions","competitions",2
"competitiveness","competitiveness",2
"completely","completely",2
"components","components",2
"comprehensive","comprehensive",2
"concept","concept",2
"concisely","concisely",2
"conclusions","conclusions",2
"concurrency","concurrency",2
"conditions","conditions",2
"conducted","conducted",2
"conferences","conferences",2
"confidence","confidence",2
"consider","consider",2
"consisting","consisting",2
"continents","continents",2
"contracts","contracts",2
"contributing","contributing",2
"contributions","contributions",2
"coordinating","coordinating",2
"copal","copal",2
"corporations","corporations",2
"costeffectiveness","costeffectiveness",2
"costings","costings",2
"creation","creation",2
"cultural","cultural",2
"curate","curate",2
"custom","custom",2
"custombuilt","custombuilt",2
"dan","dan",2
"darren","darren",2
"databachelor","databachelor",2
"david","david",2
"dayday","dayday",2
"deal","deal",2
"decisionmaking","decisionmaking",2
"degreelevel","degreelevel",2
"degrees","degrees",2
"demands","demands",2
"demeanor","demeanor",2
"demonstrates","demonstrates",2
"dependent","dependent",2
"derive","derive",2
"desire","desire",2
"determine","determine",2
"dev","dev",2
"deve","deve",2
"devices","devices",2
"diagnostics","diagnostics",2
"diploma","diploma",2
"disclosure","disclosure",2
"discoveries","discoveries",2
"diseases","diseases",2
"disruptive","disruptive",2
"distinct","distinct",2
"dotmatics","dotmatics",2
"durham","durham",2
"eaton","eaton",2
"eccella","eccella",2
"ecological","ecological",2
"effectively","effectively",2
"effectiveness","effectiveness",2
"effort","effort",2
"egoless","egoless",2
"eight","eight",2
"elegant","elegant",2
"element","element",2
"eligible","eligible",2
"ellicott","ellicott",2
"email","email",2
"emblebi","emblebi",2
"emea","emea",2
"emergent","emergent",2
"emphasis","emphasis",2
"encompasses","encompasses",2
"engineerlondon85000","engineerlondon85000",2
"enhanced","enhanced",2
"enquiring","enquiring",2
"entity","entity",2
"entrepreneur","entrepreneur",2
"entry","entry",2
"esp","esp",2
"essentially","essentially",2
"establish","establish",2
"estimated","estimated",2
"evaluation","evaluation",2
"evangelist","evangelist",2
"executive","executive",2
"exemplars","exemplars",2
"exemplified","exemplified",2
"expedia","expedia",2
"experiments","experiments",2
"exploration","exploration",2
"explore","explore",2
"extracting","extracting",2
"f2p","f2p",2
"fashion","fashion",2
"fastgrowing","fastgrowing",2
"finish","finish",2
"fit","fit",2
"fluency","fluency",2
"fmcg","fmcg",2
"focuses","focuses",2
"formal","formal",2
"formalprofessional","formalprofessional",2
"foundations","foundations",2
"free","free",2
"freely","freely",2
"freeplay","freeplay",2
"frequency","frequency",2
"fridays","fridays",2
"fulfilment","fulfilment",2
"fundamental","fundamental",2
"funding","funding",2
"futures","futures",2
"gaining","gaining",2
"gas","gas",2
"gcp","gcp",2
"geared","geared",2
"generating","generating",2
"getting","getting",2
"gis","gis",2
"globe","globe",2
"glp","glp",2
"gmp","gmp",2
"gravitas","gravitas",2
"ground","ground",2
"guide","guide",2
"guidelines","guidelines",2
"hardearned","hardearned",2
"hardest","hardest",2
"hardwareloop","hardwareloop",2
"healthcare","healthcare",2
"heights","heights",2
"henry","henry",2
"hidden","hidden",2
"highest","highest",2
"hobby","hobby",2
"hospitals","hospitals",2
"hpc","hpc",2
"hrs","hrs",2
"hsbcs","hsbcs",2
"hyper","hyper",2
"ideally1","ideally1",2
"impressive","impressive",2
"inception","inception",2
"included","included",2
"increasing","increasing",2
"independent","independent",2
"independently","independently",2
"individually","individually",2
"industrys","industrys",2
"informatica","informatica",2
"initiatives","initiatives",2
"insightful","insightful",2
"instilling","instilling",2
"integral","integral",2
"intent","intent",2
"intepret","intepret",2
"interact","interact",2
"interfacing","interfacing",2
"internally","internally",2
"intrigued","intrigued",2
"iso","iso",2
"japan","japan",2
"just","just",2
"kdr","kdr",2
"keep","keep",2
"kick","kick",2
"knew","knew",2
"lamp","lamp",2
"launch","launch",2
"learned","learned",2
"learningin","learningin",2
"lecturer","lecturer",2
"levelat","levelat",2
"leveraging","leveraging",2
"liaison","liaison",2
"lims","lims",2
"liquidity","liquidity",2
"little","little",2
"loads","loads",2
"londons","londons",2
"looks","looks",2
"loves","loves",2
"ltd","ltd",2
"lunchtime","lunchtime",2
"majority","majority",2
"manchester","manchester",2
"mandate","mandate",2
"manipulating","manipulating",2
"manipulation","manipulation",2
"manufacturing","manufacturing",2
"mapping","mapping",2
"mathematicians","mathematicians",2
"meaningful","meaningful",2
"measure","measure",2
"measurement","measurement",2
"mediumlarge","mediumlarge",2
"methodology","methodology",2
"middleware","middleware",2
"middotnbspnbspnbspnbspnbspnbspnbspnbsp","middotnbspnbspnbspnbspnbspnbspnbspnbsp",2
"mis","mis",2
"mixed","mixed",2
"modeller","modeller",2
"moment","moment",2
"monetisation","monetisation",2
"monetization","monetization",2
"money","money",2
"monitoring","monitoring",2
"motivate","motivate",2
"multibillionaire","multibillionaire",2
"multidisciplinary","multidisciplinary",2
"nbsp","nbsp",2
"necessary","necessary",2
"neurosciences","neurosciences",2
"newest","newest",2
"news","news",2
"nodejs","nodejs",2
"north","north",2
"notes","notes",2
"objectives","objectives",2
"objects","objects",2
"obtained","obtained",2
"oceans","oceans",2
"ocesses","ocesses",2
"ontologies","ontologies",2
"opinions","opinions",2
"optimize","optimize",2
"options","options",2
"oracles","oracles",2
"organisational","organisational",2
"oriented","oriented",2
"ote","ote",2
"output","output",2
"outputs","outputs",2
"outstanding","outstanding",2
"overall","overall",2
"oversee","oversee",2
"oxfordshire","oxfordshire",2
"parks","parks",2
"particularly","particularly",2
"partner","partner",2
"partnering","partnering",2
"partners","partners",2
"partnership","partnership",2
"pasecretarial","pasecretarial",2
"past","past",2
"penetration","penetration",2
"peoples","peoples",2
"performs","performs",2
"perhaps","perhaps",2
"perl","perl",2
"personal","personal",2
"pet","pet",2
"pharma","pharma",2
"pharmacoeconomics","pharmacoeconomics",2
"physic","physic",2
"pipelines","pipelines",2
"pizza","pizza",2
"planner","planner",2
"platformthis","platformthis",2
"player","player",2
"pleasant","pleasant",2
"polecats","polecats",2
"policies","policies",2
"politics","politics",2
"pool","pool",2
"portland","portland",2
"positive","positive",2
"post","post",2
"postresql","postresql",2
"powerful","powerful",2
"pragmatism","pragmatism",2
"present","present",2
"presentat","presentat",2
"press","press",2
"prevent","prevent",2
"pride","pride",2
"proactive","proactive",2
"procedure","procedure",2
"procurement","procurement",2
"production","production",2
"productivity","productivity",2
"professor","professor",2
"profiling","profiling",2
"programmatic","programmatic",2
"programmer","programmer",2
"programs","programs",2
"promote","promote",2
"property","property",2
"pros","pros",2
"prototype","prototype",2
"prototypes","prototypes",2
"provides","provides",2
"pursue","pursue",2
"quarterly","quarterly",2
"raising","raising",2
"random","random",2
"ranks","ranks",2
"raw","raw",2
"read","read",2
"realize","realize",2
"rebecca","rebecca",2
"receiving","receiving",2
"recorded","recorded",2
"reflects","reflects",2
"regular","regular",2
"reinventing","reinventing",2
"relationships","relationships",2
"relaxed","relaxed",2
"releases","releases",2
"relevancy","relevancy",2
"renowned","renowned",2
"reproducible","reproducible",2
"resources","resources",2
"rest","rest",2
"retargeting","retargeting",2
"revolutionising","revolutionising",2
"rewarded","rewarded",2
"rich","rich",2
"robotic","robotic",2
"robustness","robustness",2
"roleas","roleas",2
"roll","roll",2
"room","room",2
"royvons","royvons",2
"savvy","savvy",2
"scene","scene",2
"scipy","scipy",2
"scoping","scoping",2
"scriptingunixlinux","scriptingunixlinux",2
"scv","scv",2
"seafood","seafood",2
"see","see",2
"seldon","seldon",2
"selfstarter","selfstarter",2
"sell","sell",2
"seniorlead","seniorlead",2
"seo","seo",2
"serial","serial",2
"several","several",2
"shale","shale",2
"share","share",2
"shipping","shipping",2
"significantly","significantly",2
"similarability","similarability",2
"simple","simple",2
"simplicity","simplicity",2
"size","size",2
"slick","slick",2
"sme","sme",2
"societies","societies",2
"sociology","sociology",2
"solr","solr",2
"solver","solver",2
"sought","sought",2
"south","south",2
"southampton","southampton",2
"spatial","spatial",2
"spec","spec",2
"special","special",2
"specify","specify",2
"spent","spent",2
"spoken","spoken",2
"sportsmediadigital","sportsmediadigital",2
"ssas","ssas",2
"ssis","ssis",2
"ssrs","ssrs",2
"stage","stage",2
"started","started",2
"starter","starter",2
"state","state",2
"stateart","stateart",2
"sterilisation","sterilisation",2
"still","still",2
"strategically","strategically",2
"street","street",2
"stretch","stretch",2
"structuredmethodical","structuredmethodical",2
"stuck","stuck",2
"style","style",2
"submission","submission",2
"submissions","submissions",2
"succeed","succeed",2
"suitably","suitably",2
"suite","suite",2
"super","super",2
"superstar","superstar",2
"supplier","supplier",2
"surrounded","surrounded",2
"sustainable","sustainable",2
"sybase","sybase",2
"talks","talks",2
"targets","targets",2
"technically","technically",2
"techniqueseffectivenessmathematical","techniqueseffectivenessmathematical",2
"technologists","technologists",2
"ted","ted",2
"tenance","tenance",2
"tha","tha",2
"theories","theories",2
"thorough","thorough",2
"thorp","thorp",2
"tibco","tibco",2
"times","times",2
"tone","tone",2
"tooling","tooling",2
"topics","topics",2
"toxicology","toxicology",2
"translating","translating",2
"trusted","trusted",2
"turing","turing",2
"types","types",2
"underpinning","underpinning",2
"undertaken","undertaken",2
"underwriting","underwriting",2
"universities","universities",2
"unprecedented","unprecedented",2
"unsolicited","unsolicited",2
"unsupervised","unsupervised",2
"unternehmen","unternehmen",2
"upon","upon",2
"useful","useful",2
"vast","vast",2
"ver","ver",2
"verbal","verbal",2
"versa","versa",2
"versed","versed",2
"vice","vice",2
"vocationalprofessional","vocationalprofessional",2
"volunteering","volunteering",2
"waltham","waltham",2
"whatever","whatever",2
"willing","willing",2
"wireless","wireless",2
"woking","woking",2
"workloads","workloads",2
"worldwide","worldwide",2
"worry","worry",2
"wwws2dsorg","wwws2dsorg",2
"yorkshire","yorkshire",2
"000","000",1
"0161","0161",1
"0203","0203",1
"0207","0207",1
"0800","0800",1
"100000basic","100000basic",1
"120kpackage","120kpackage",1
"15th","15th",1
"1730","1730",1
"189","189",1
"201628285","201628285",1
"2020","2020",1
"2650k","2650k",1
"33006","33006",1
"3342","3342",1
"35kexperience","35kexperience",1
"400","400",1
"401k","401k",1
"41000","41000",1
"4354","4354",1
"448","448",1
"45000overviewan","45000overviewan",1
"45kfront","45kfront",1
"53386","53386",1
"600","600",1
"601","601",1
"612","612",1
"65000overviewthe","65000overviewthe",1
"6644810","6644810",1
"7000","7000",1
"80000overviewthe","80000overviewthe",1
"800am400pm","800am400pm",1
"80k","80k",1
"900","900",1
"abingdon","abingdon",1
"abinitio","abinitio",1
"abreast","abreast",1
"abroad","abroad",1
"absorbing","absorbing",1
"academia","academia",1
"academics","academics",1
"accelerate","accelerate",1
"accelerator","accelerator",1
"accomplished","accomplished",1
"accomplishments","accomplishments",1
"accordance","accordance",1
"account","account",1
"accountancy","accountancy",1
"achievement","achievement",1
"active","active",1
"adapt","adapt",1
"added","added",1
"additionally","additionally",1
"adjunct","adjunct",1
"adopting","adopting",1
"adrcs","adrcs",1
"aforementioned","aforementioned",1
"afterwork","afterwork",1
"agencyleeds45000a","agencyleeds45000a",1
"agenda","agenda",1
"agierendes","agierendes",1
"agilelean","agilelean",1
"agileleanrequirements","agileleanrequirements",1
"agility","agility",1
"aiding","aiding",1
"algorithmsrequirements","algorithmsrequirements",1
"alignment","alignment",1
"allowance","allowance",1
"altius","altius",1
"ambition","ambition",1
"amey","amey",1
"amongst","amongst",1
"amsterdam","amsterdam",1
"analysisbig","analysisbig",1
"analysisup","analysisup",1
"analystup","analystup",1
"analyticalmodel","analyticalmodel",1
"analyticalstatistical","analyticalstatistical",1
"analyticalstatistics","analyticalstatistics",1
"analyticsmanagement","analyticsmanagement",1
"androidios","androidios",1
"angular","angular",1
"animal","animal",1
"annual","annual",1
"answering","answering",1
"apologies","apologies",1
"applic","applic",1
"applicant","applicant",1
"applies","applies",1
"appoint","appoint",1
"appointment","appointment",1
"appointments","appointments",1
"approved","approved",1
"arbeite","arbeite",1
"architectreporting","architectreporting",1
"area1","area1",1
"area2","area2",1
"areadata","areadata",1
"asana","asana",1
"asap","asap",1
"asos","asos",1
"aspect","aspect",1
"aspirations","aspirations",1
"assembling","assembling",1
"assimilate","assimilate",1
"assisting","assisting",1
"attitude","attitude",1
"attitudes","attitudes",1
"audiencessupport","audiencessupport",1
"augmented","augmented",1
"august","august",1
"autonomy","autonomy",1
"awesome","awesome",1
"b2b","b2b",1
"babs","babs",1
"balancing","balancing",1
"band","band",1
"barclays","barclays",1
"bcc","bcc",1
"bdd","bdd",1
"becoming","becoming",1
"beers","beers",1
"beforebig","beforebig",1
"bench","bench",1
"benchmarking","benchmarking",1
"beneficialmachine","beneficialmachine",1
"benefitsbased","benefitsbased",1
"berlin","berlin",1
"berufserfahrung","berufserfahrung",1
"bidding","bidding",1
"bike","bike",1
"billion","billion",1
"blending","blending",1
"boardlay","boardlay",1
"boards","boards",1
"boasts","boasts",1
"body","body",1
"bolstering","bolstering",1
"booking","booking",1
"books","books",1
"bootcamp","bootcamp",1
"border","border",1
"bot","bot",1
"bow","bow",1
"bradford","bradford",1
"brainstorming","brainstorming",1
"breadth","breadth",1
"break","break",1
"breaking","breaking",1
"bricks","bricks",1
"brings","brings",1
"browser","browser",1
"budgetary","budgetary",1
"builds","builds",1
"bulk","bulk",1
"burgeoning","burgeoning",1
"burnley","burnley",1
"businessstart","businessstart",1
"buyside","buyside",1
"calibration","calibration",1
"california","california",1
"calling","calling",1
"calm","calm",1
"campus","campus",1
"car","car",1
"carillion","carillion",1
"carrying","carrying",1
"catalogue","catalogue",1
"catalysing","catalysing",1
"categorise","categorise",1
"categorising","categorising",1
"cations","cations",1
"cdssc","cdssc",1
"celeryrabbitmq","celeryrabbitmq",1
"cell","cell",1
"centered","centered",1
"centric","centric",1
"certain","certain",1
"certifications","certifications",1
"cgis","cgis",1
"channels","channels",1
"characteristics","characteristics",1
"chat","chat",1
"check","check",1
"checks","checks",1
"cheltenhamdo","cheltenhamdo",1
"chemical","chemical",1
"chemistrybiology","chemistrybiology",1
"chiefarchitect","chiefarchitect",1
"childcare","childcare",1
"christopher","christopher",1
"cib","cib",1
"circuit","circuit",1
"classroom","classroom",1
"cleaning","cleaning",1
"clever","clever",1
"clich","clich",1
"clientconsumer","clientconsumer",1
"clientsite","clientsite",1
"clinicians","clinicians",1
"cloudera","cloudera",1
"clusters","clusters",1
"cnet","cnet",1
"coe","coe",1
"cognos","cognos",1
"coherent","coherent",1
"cohort","cohort",1
"collecting","collecting",1
"collective","collective",1
"college","college",1
"combined","combined",1
"commercially","commercially",1
"commutable","commutable",1
"commuter","commuter",1
"companyif","companyif",1
"companys","companys",1
"comparable","comparable",1
"competencies","competencies",1
"competitor","competitor",1
"complemented","complemented",1
"complete","complete",1
"completed","completed",1
"complexitycommercial","complexitycommercial",1
"complexityexperience","complexityexperience",1
"comprised","comprised",1
"compu","compu",1
"comsol","comsol",1
"con","con",1
"conception","conception",1
"concerned","concerned",1
"concierge","concierge",1
"concurrent","concurrent",1
"conducts","conducts",1
"conduit","conduit",1
"configuring","configuring",1
"consideration","consideration",1
"consistently","consistently",1
"construction","construction",1
"consumerfocused","consumerfocused",1
"contactfor","contactfor",1
"contacts","contacts",1
"contemporary","contemporary",1
"continual","continual",1
"continues","continues",1
"contractexcellent","contractexcellent",1
"contractor","contractor",1
"contribution","contribution",1
"contributor","contributor",1
"controls","controls",1
"converging","converging",1
"conveying","conveying",1
"coo","coo",1
"coordinate","coordinate",1
"copy","copy",1
"costsmake","costsmake",1
"count","count",1
"country","country",1
"coupled","coupled",1
"crafting","crafting",1
"crea","crea",1
"credibility","credibility",1
"credible","credible",1
"criminology","criminology",1
"cro","cro",1
"crossdisciplinary","crossdisciplinary",1
"crossfunctional","crossfunctional",1
"crowdsourcing","crowdsourcing",1
"crucial","crucial",1
"crud","crud",1
"crux","crux",1
"cruz","cruz",1
"customerfacing","customerfacing",1
"cut","cut",1
"cwjobscoukjobseekingcontractorjob65880427","cwjobscoukjobseekingcontractorjob65880427",1
"d3for","d3for",1
"d3js","d3js",1
"dalia","dalia",1
"darrenellicottwelovesaltcom","darrenellicottwelovesaltcom",1
"dashboard","dashboard",1
"dashboards","dashboards",1
"data","data",1
"datacontent","datacontent",1
"datagreat","datagreat",1
"datalead","datalead",1
"datasetsproducing","datasetsproducing",1
"datengewinnung","datengewinnung",1
"dates","dates",1
"davidthorpharnhamcom","davidthorpharnhamcom",1
"deadline","deadline",1
"deduplicationpersonalised","deduplicationpersonalised",1
"deeply","deeply",1
"defined","defined",1
"definition","definition",1
"definitions","definitions",1
"degreegraduate","degreegraduate",1
"delivers","delivers",1
"demonstrative","demonstrative",1
"den","den",1
"dental","dental",1
"deployments","deployments",1
"designation","designation",1
"desk","desk",1
"detailanalytical","detailanalytical",1
"detailed","detailed",1
"developmentconsultative","developmentconsultative",1
"develops","develops",1
"dewsbury","dewsbury",1
"dexterous","dexterous",1
"diagnose","diagnose",1
"dig","dig",1
"digitaslbi","digitaslbi",1
"diligent","diligent",1
"directorate","directorate",1
"directors","directors",1
"discern","discern",1
"discover","discover",1
"discrepancy","discrepancy",1
"discrete","discrete",1
"discuss","discuss",1
"disseminate","disseminate",1
"distribution","distribution",1
"diverse","diverse",1
"docker","docker",1
"doctoral","doctoral",1
"doctorate","doctorate",1
"documentation","documentation",1
"doe","doe",1
"doi","doi",1
"domains","domains",1
"drinks","drinks",1
"drivers","drivers",1
"dsms","dsms",1
"dual","dual",1
"earthworks","earthworks",1
"easy","easy",1
"edc","edc",1
"edical","edical",1
"edit","edit",1
"educationqualifications","educationqualifications",1
"educationworking","educationworking",1
"ein","ein",1
"elearning","elearning",1
"else","else",1
"ema","ema",1
"embed","embed",1
"employ","employ",1
"employment","employment",1
"enabler","enabler",1
"enabling","enabling",1
"encourage","encourage",1
"encourages","encourages",1
"engaged","engaged",1
"engages","engages",1
"engineerglobal","engineerglobal",1
"engineerings","engineerings",1
"engineersportsmediadigital","engineersportsmediadigital",1
"engineerswork","engineerswork",1
"engines","engines",1
"enjoyed","enjoyed",1
"enormous","enormous",1
"enter","enter",1
"enterprises","enterprises",1
"entrepreneurial","entrepreneurial",1
"entrust","entrust",1
"enviable","enviable",1
"environmentability","environmentability",1
"environmental","environmental",1
"epa","epa",1
"equipment","equipment",1
"equired","equired",1
"equivalent23","equivalent23",1
"erfahrung","erfahrung",1
"erstellung","erstellung",1
"especially","especially",1
"essentialpractical","essentialpractical",1
"establishing","establishing",1
"establishment","establishment",1
"etcyears","etcyears",1
"etlideally","etlideally",1
"event","event",1
"everyone","everyone",1
"exceed","exceed",1
"excess","excess",1
"exchange","exchange",1
"executives","executives",1
"expansive","expansive",1
"expectationsdeliverableaccountable","expectationsdeliverableaccountable",1
"expectationsdeliverables","expectationsdeliverables",1
"experienceas","experienceas",1
"experiencelearn","experiencelearn",1
"experiencemathematical","experiencemathematical",1
"experiencenumerate","experiencenumerate",1
"extent","extent",1
"external","external",1
"extreme","extreme",1
"faced","faced",1
"facilitate","facilitate",1
"factory","factory",1
"faculties","faculties",1
"farreaching","farreaching",1
"fascinating","fascinating",1
"fasttrack","fasttrack",1
"favouring","favouring",1
"fca","fca",1
"feature","feature",1
"features","features",1
"february","february",1
"feed","feed",1
"fieldshugely","fieldshugely",1
"filed","filed",1
"finds","finds",1
"fits","fits",1
"fiveweek","fiveweek",1
"flexible","flexible",1
"followed","followed",1
"footprint","footprint",1
"for","for",1
"force","force",1
"form","form",1
"formed","formed",1
"forms","forms",1
"formula","formula",1
"formulate","formulate",1
"found","found",1
"founder","founder",1
"founders","founders",1
"four","four",1
"fra","fra",1
"freedom","freedom",1
"frontbackend","frontbackend",1
"fulltime","fulltime",1
"functionbe","functionbe",1
"fundraising","fundraising",1
"fr","fr",1
"futurea","futurea",1
"futureskills","futureskills",1
"gambling","gambling",1
"gaps","gaps",1
"gaussian","gaussian",1
"gbp115k","gbp115k",1
"gbp35k","gbp35k",1
"gbp35kexperience","gbp35kexperience",1
"gbp75k","gbp75k",1
"gbr","gbr",1
"geodemographic","geodemographic",1
"gilt","gilt",1
"github","github",1
"glove","glove",1
"golding","golding",1
"goof","goof",1
"governments","governments",1
"gpus","gpus",1
"graphics","graphics",1
"gravesend","gravesend",1
"gree","gree",1
"grey","grey",1
"grows","grows",1
"guideline","guideline",1
"guiding","guiding",1
"gulp","gulp",1
"hacking","hacking",1
"hadooppostgresql","hadooppostgresql",1
"hairs","hairs",1
"hand","hand",1
"hard","hard",1
"harnhamkeywordsr","harnhamkeywordsr",1
"haveexperience","haveexperience",1
"haves","haves",1
"hea","hea",1
"headcount","headcount",1
"headquartered","headquartered",1
"healths","healths",1
"heartbeat","heartbeat",1
"held","held",1
"hence","hence",1
"henchmanappcom","henchmanappcom",1
"heritage","heritage",1
"hesitate","hesitate",1
"heterogeneous","heterogeneous",1
"hierarchical","hierarchical",1
"highenergy","highenergy",1
"hired","hired",1
"hitting","hitting",1
"hchst","hchst",1
"holder","holder",1
"holistic","holistic",1
"home","home",1
"honours","honours",1
"hotel","hotel",1
"hours","hours",1
"household","household",1
"html5","html5",1
"http","http",1
"huddersfield","huddersfield",1
"hull","hull",1
"ich","ich",1
"ids","ids",1
"images","images",1
"imaging","imaging",1
"immer","immer",1
"immersive","immersive",1
"impala","impala",1
"implications","implications",1
"improved","improved",1
"improves","improves",1
"imputation","imputation",1
"individuals","individuals",1
"indusriellenbereich","indusriellenbereich",1
"industriesas","industriesas",1
"industrieskeen","industrieskeen",1
"industryleading","industryleading",1
"industryspecific","industryspecific",1
"inference","inference",1
"influencing","influencing",1
"info","info",1
"informing","informing",1
"ingenious","ingenious",1
"initially","initially",1
"innate","innate",1
"inquisitive","inquisitive",1
"instacart","instacart",1
"integrationversion","integrationversion",1
"integrity","integrity",1
"intellectually","intellectually",1
"intelligencesuper","intelligencesuper",1
"intelligencetechniques","intelligencetechniques",1
"intend","intend",1
"intensive","intensive",1
"interconnected","interconnected",1
"interests","interests",1
"intern","intern",1
"interns","interns",1
"internship","internship",1
"interpret","interpret",1
"interpreting","interpreting",1
"introduce","introduce",1
"introduced","introduced",1
"inventory","inventory",1
"invite","invite",1
"isnt","isnt",1
"ist","ist",1
"jahre","jahre",1
"jasmine","jasmine",1
"javanet","javanet",1
"jean","jean",1
"journeys","journeys",1
"jquery","jquery",1
"kandidaten","kandidaten",1
"karma","karma",1
"kenshoo","kenshoo",1
"kent","kent",1
"keywordsmachine","keywordsmachine",1
"knockoutjs","knockoutjs",1
"knowledgably","knowledgably",1
"knowledgeideally","knowledgeideally",1
"kpmg","kpmg",1
"kundenseite","kundenseite",1
"landmark","landmark",1
"languagesports","languagesports",1
"larger","larger",1
"lasso","lasso",1
"last","last",1
"lay","lay",1
"leadingedge","leadingedge",1
"leads","leads",1
"leaflet","leaflet",1
"lean","lean",1
"leave","leave",1
"licensing","licensing",1
"lifestyle","lifestyle",1
"lifetime","lifetime",1
"light","light",1
"links","links",1
"linuxunix","linuxunix",1
"lives","lives",1
"local","local",1
"london45000a","london45000a",1
"londonasap","londonasap",1
"londonavanti","londonavanti",1
"luncheons","luncheons",1
"luxury","luxury",1
"machines","machines",1
"macrosv","macrosv",1
"made","made",1
"mahout","mahout",1
"maidenhead","maidenhead",1
"maintainable","maintainable",1
"maintained","maintained",1
"maintaining","maintaining",1
"managementproject","managementproject",1
"manipulationwrangling","manipulationwrangling",1
"marketingattention","marketingattention",1
"marketleader","marketleader",1
"marklogic","marklogic",1
"markov","markov",1
"materials","materials",1
"mathematicsglobal","mathematicsglobal",1
"matters","matters",1
"maximise","maximise",1
"maximising","maximising",1
"maximizing","maximizing",1
"maybe","maybe",1
"mbns","mbns",1
"mea","mea",1
"measures","measures",1
"mechanical","mechanical",1
"mechanisms","mechanisms",1
"mechatronics","mechatronics",1
"medicalmarketing","medicalmarketing",1
"medicine","medicine",1
"medium","medium",1
"mellons","mellons",1
"memory","memory",1
"mentors","mentors",1
"messages","messages",1
"metadata","metadata",1
"meters","meters",1
"metrics","metrics",1
"microservice","microservice",1
"middotnbspnbspnbspnbspnbspnbsp","middotnbspnbspnbspnbspnbspnbsp",1
"midst","midst",1
"million","million",1
"mine","mine",1
"mit","mit",1
"mitigating","mitigating",1
"mitigation","mitigation",1
"mchte","mchte",1
"modellingstatistical","modellingstatistical",1
"monolithic","monolithic",1
"monthly","monthly",1
"morgan","morgan",1
"morgans","morgans",1
"mortar","mortar",1
"msca","msca",1
"mucking","mucking",1
"multicultural","multicultural",1
"multimillion","multimillion",1
"multitake","multitake",1
"multitude","multitude",1
"native","native",1
"nderstanding","nderstanding",1
"near","near",1
"newport","newport",1
"nice","nice",1
"nicely","nicely",1
"nicholas","nicholas",1
"nimble","nimble",1
"nlg","nlg",1
"nonacademic","nonacademic",1
"nonscientific","nonscientific",1
"nosqlmongodb","nosqlmongodb",1
"novel","novel",1
"npd","npd",1
"nuffield","nuffield",1
"num","num",1
"obstacles","obstacles",1
"obtain","obtain",1
"offline","offline",1
"ooze","ooze",1
"openaccess","openaccess",1
"operationsresponsibilities","operationsresponsibilities",1
"operator","operator",1
"ops","ops",1
"optimising","optimising",1
"oraclea","oraclea",1
"ordinary","ordinary",1
"organic","organic",1
"organise","organise",1
"original","original",1
"outgoing","outgoing",1
"outliers","outliers",1
"outline","outline",1
"oversight","oversight",1
"owning","owning",1
"paradigm","paradigm",1
"park","park",1
"parker","parker",1
"party","party",1
"passi","passi",1
"passionmotivation","passionmotivation",1
"patents","patents",1
"path","path",1
"patient","patient",1
"pay","pay",1
"payers","payers",1
"pcb","pcb",1
"pearl","pearl",1
"perfectly","perfectly",1
"performanceside","performanceside",1
"performed","performed",1
"perks","perks",1
"pharmaceuticals","pharmaceuticals",1
"phonecall","phonecall",1
"ping","ping",1
"placement","placement",1
"plagiarism","plagiarism",1
"planned","planned",1
"plant","plant",1
"plantdeveloped","plantdeveloped",1
"platformssolutions","platformssolutions",1
"platformsthe","platformsthe",1
"plsql","plsql",1
"points","points",1
"poisson","poisson",1
"political","political",1
"pong","pong",1
"pop","pop",1
"portugal","portugal",1
"positions","positions",1
"postdocs","postdocs",1
"postdoctoral","postdoctoral",1
"postgre","postgre",1
"posttrade","posttrade",1
"practitioner","practitioner",1
"precision","precision",1
"preferable","preferable",1
"preferreddesirable","preferreddesirable",1
"premise","premise",1
"preparation","preparation",1
"prepare","prepare",1
"presentations","presentations",1
"presenting","presenting",1
"pri","pri",1
"price","price",1
"principleskey","principleskey",1
"prioritize","prioritize",1
"priority","priority",1
"privacy","privacy",1
"private","private",1
"probably","probably",1
"problemsolving","problemsolving",1
"processor","processor",1
"producepartner","producepartner",1
"productionising","productionising",1
"productive","productive",1
"productsdesign","productsdesign",1
"profilerecent","profilerecent",1
"profits","profits",1
"profound","profound",1
"profoundly","profoundly",1
"progr","progr",1
"program","program",1
"programmierung","programmierung",1
"projecting","projecting",1
"projectsconsultancy","projectsconsultancy",1
"proper","proper",1
"proposals","proposals",1
"proposed","proposed",1
"prospects","prospects",1
"provision","provision",1
"publications","publications",1
"pupil","pupil",1
"pushing","pushing",1
"put","put",1
"pwc","pwc",1
"qinetiqs","qinetiqs",1
"qualitative","qualitative",1
"qualities","qualities",1
"qualitynbsp","qualitynbsp",1
"quick","quick",1
"quo","quo",1
"ranked","ranked",1
"rateslead","rateslead",1
"realistic","realistic",1
"realization","realization",1
"realms","realms",1
"reason","reason",1
"reasoning","reasoning",1
"recently","recently",1
"recognitionphysical","recognitionphysical",1
"recording","recording",1
"reduce","reduce",1
"reference","reference",1
"region","region",1
"registration","registration",1
"reinforcement","reinforcement",1
"related13","related13",1
"relates","relates",1
"relation","relation",1
"relay","relay",1
"relies","relies",1
"remain","remain",1
"remaining","remaining",1
"remit","remit",1
"remotely","remotely",1
"rendering","rendering",1
"repeat","repeat",1
"report","report",1
"reportingevaluate","reportingevaluate",1
"represent","represent",1
"requiring","requiring",1
"researched","researched",1
"resilience","resilience",1
"resolving","resolving",1
"respectively","respectively",1
"responding","responding",1
"responses","responses",1
"result","result",1
"reusing","reusing",1
"reveal","reveal",1
"rewrite","rewrite",1
"rfps","rfps",1
"risen","risen",1
"rlanguage","rlanguage",1
"roleif","roleif",1
"routes","routes",1
"routine","routine",1
"routinely","routinely",1
"routing","routing",1
"rsquod","rsquod",1
"rtb","rtb",1
"rullion","rullion",1
"safe","safe",1
"san","san",1
"santa","santa",1
"sasspssrtableauexcelpython","sasspssrtableauexcelpython",1
"save","save",1
"scalability","scalability",1
"schematic","schematic",1
"scholar","scholar",1
"school","school",1
"scienceseconomics","scienceseconomics",1
"sciencesessential","sciencesessential",1
"scientistdata","scientistdata",1
"scientistlondon75000","scientistlondon75000",1
"scientistlondon90000","scientistlondon90000",1
"scm","scm",1
"score","score",1
"scriptingunixlinuxinsurancesouth","scriptingunixlinuxinsurancesouth",1
"sdlc","sdlc",1
"sdna","sdna",1
"sees","sees",1
"selenium","selenium",1
"selfsufficient","selfsufficient",1
"sem","sem",1
"seniorexperience","seniorexperience",1
"seniority","seniority",1
"sentiment","sentiment",1
"serviceorientiert","serviceorientiert",1
"shaping","shaping",1
"shed","shed",1
"sheffield","sheffield",1
"ship","ship",1
"shopping","shopping",1
"shore","shore",1
"shortterm","shortterm",1
"signals","signals",1
"signontologiesbiomedical","signontologiesbiomedical",1
"similarphd","similarphd",1
"simon","simon",1
"simulations","simulations",1
"simulator","simulator",1
"simulink","simulink",1
"sites","sites",1
"six","six",1
"sizeable","sizeable",1
"ska","ska",1
"skillsany","skillsany",1
"skillsappreciation","skillsappreciation",1
"skillsexcellent","skillsexcellent",1
"sleeves","sleeves",1
"smallmedium","smallmedium",1
"smoothing","smoothing",1
"soft","soft",1
"solutionsexperience","solutionsexperience",1
"solutionsknowledge","solutionsknowledge",1
"solvable","solvable",1
"somebody","somebody",1
"sorts","sorts",1
"span","span",1
"speak","speak",1
"speaking","speaking",1
"specialise","specialise",1
"specifications","specifications",1
"speed","speed",1
"spend","spend",1
"spirit","spirit",1
"staffing","staffing",1
"stag","stag",1
"stakeholdersresponsibilities","stakeholdersresponsibilities",1
"standalone","standalone",1
"stark","stark",1
"start3","start3",1
"states","states",1
"status","status",1
"stepwise","stepwise",1
"steward","steward",1
"stored","stored",1
"str","str",1
"streamlines","streamlines",1
"strength","strength",1
"string","string",1
"striving","striving",1
"strongest","strongest",1
"structuring","structuring",1
"studying","studying",1
"stunning","stunning",1
"styles","styles",1
"successfully","successfully",1
"summarization","summarization",1
"sunday","sunday",1
"suppliers","suppliers",1
"suppliersconsultants","suppliersconsultants",1
"suppo","suppo",1
"supportive","supportive",1
"supports","supports",1
"survey","survey",1
"survival","survival",1
"systemswork","systemswork",1
"tackle","tackle",1
"tackling","tackling",1
"tactical","tactical",1
"tags","tags",1
"takes","takes",1
"talend","talend",1
"targeted","targeted",1
"task","task",1
"tasked","tasked",1
"tative","tative",1
"tcpip","tcpip",1
"tdd","tdd",1
"teamusing","teamusing",1
"teamwork","teamwork",1
"techniqueseffectiveness","techniqueseffectiveness",1
"technologypython","technologypython",1
"techstars","techstars",1
"tel","tel",1
"tenured","tenured",1
"tenuretrack","tenuretrack",1
"teradata","teradata",1
"terms","terms",1
"thing","thing",1
"think","think",1
"thoughtprovoking","thoughtprovoking",1
"thrive","thrive",1
"thriving","thriving",1
"tick","tick",1
"toolsets","toolsets",1
"toolsexcellent","toolsexcellent",1
"topic","topic",1
"topical","topical",1
"toptier","toptier",1
"totaljobscomjobseekingassociatejob65870569","totaljobscomjobseekingassociatejob65870569",1
"totaljobscomjobseekinglecturerseniorlecturercomputerintensivescienceimmersivevisualisationjob65766119","totaljobscomjobseekinglecturerseniorlecturercomputerintensivescienceimmersivevisualisationjob65766119",1
"toughest","toughest",1
"traceability","traceability",1
"tracked","tracked",1
"tracking","tracking",1
"tradeoffs","tradeoffs",1
"trafficdefine","trafficdefine",1
"trained","trained",1
"transforming","transforming",1
"transforms","transforms",1
"transitioning","transitioning",1
"transparency","transparency",1
"transport","transport",1
"travelsuperb","travelsuperb",1
"treat","treat",1
"trust","trust",1
"tscs","tscs",1
"turning","turning",1
"two","two",1
"type","type",1
"typescript","typescript",1
"tyre","tyre",1
"uiux","uiux",1
"ultimate","ultimate",1
"unavailable","unavailable",1
"unc","unc",1
"underpinned","underpinned",1
"underscore","underscore",1
"undreds","undreds",1
"unleash","unleash",1
"unlock","unlock",1
"unravelling","unravelling",1
"uob","uob",1
"upscaling","upscaling",1
"upskill","upskill",1
"upworthy","upworthy",1
"urgently","urgently",1
"url","url",1
"usd34m","usd34m",1
"usda","usda",1
"usual","usual",1
"utilises","utilises",1
"vacancy","vacancy",1
"validation","validation",1
"valu","valu",1
"vehicle","vehicle",1
"venmo","venmo",1
"venturi","venturi",1
"verification","verification",1
"verified","verified",1
"vertical","vertical",1
"view","view",1
"virgin","virgin",1
"virtual","virtual",1
"visibility","visibility",1
"visionary","visionary",1
"visualisationsproviding","visualisationsproviding",1
"vivo","vivo",1
"von","von",1
"vouchers","vouchers",1
"walmart","walmart",1
"warby","warby",1
"watch","watch",1
"wcpn","wcpn",1
"webapi","webapi",1
"websites","websites",1
"week","week",1
"weeks","weeks",1
"welcome","welcome",1
"weve","weve",1
"williams","williams",1
"win","win",1
"windows","windows",1
"wipro","wipro",1
"won","won",1
"worldleading","worldleading",1
"wrangling","wrangling",1
"write","write",1
"writers","writers",1
"wrong","wrong",1
"wwwcquensyscomblog","wwwcquensyscomblog",1
"wwwcwjobscoukjobseeking","wwwcwjobscoukjobseeking",1
"wwwecitqubacuk","wwwecitqubacuk",1
"wwwtotaljobscomjobseekinganalystjob65798267","wwwtotaljobscomjobseekinganalystjob65798267",1
"wwwtotaljobscomjobseekingmanagerjob65894314","wwwtotaljobscomjobseekingmanagerjob65894314",1
"wyatt","wyatt",1
"xmlfamiliarity","xmlfamiliarity",1
"y11","y11",1
"yahoo","yahoo",1
"yearyear","yearyear",1
"york","york",1
"yume","yume",1
"zones","zones",1
